use warehouse compute_small;

create database bench_idx;
create schema bench_idx.seed1;

create table bench_idx.seed1.customers (id INT, name STRING, email STRING, city STRING, birthday DATE);
create table bench_idx.seed1.products (id INT, name STRING, category STRING, price_cents INT);
create table bench_idx.seed1.orders (id INT, customer_id INT, product_id INT, quantity INT, note STRING, ordered_at TIMESTAMP);
create table bench_idx.seed1.payments (id INT, order_id INT, customer_id INT, method STRING, status STRING, amount_cents INT);
create table bench_idx.seed1.shipments (id INT, order_id INT, carrier STRING, status STRING, tracking_code STRING);

-- generated rows per table: 20
-- generated rows orders/payments/shipments: 40
-- id range start index: 100
-- insert batch size: 10
-- deterministic seed: 42

insert into bench_idx.seed1.customers (id, name, email, city, birthday) values (100, 'Diana Anderson', 'diana.anderson100@example.com', 'El Paso', '1971-12-21'), (101, 'Heidi Evans', 'heidi.evans101@example.com', 'Boston', '1998-12-05'), (102, 'Charlie Smith', 'charlie.smith102@example.com', 'Houston', '1952-11-07'), (103, 'Alice Clark', 'alice.clark103@example.com', 'Denver', '1970-11-15'), (104, 'Quinn Turner', 'quinn.turner104@example.com', 'Austin', '2000-05-08'), (105, 'Grace Reed', 'grace.reed105@example.com', 'Houston', '1969-10-11'), (106, 'Oscar Smith', 'oscar.smith106@example.com', 'El Paso', '1950-08-01'), (107, 'Frank Nguyen', 'frank.nguyen107@example.com', 'Fresno', '1974-12-06'), (108, 'Eve Garcia', 'eve.garcia108@example.com', 'Fresno', '1959-03-04'), (109, 'Charlie Miller', 'charlie.miller109@example.com', 'Boston', '1982-03-17');
insert into bench_idx.seed1.customers (id, name, email, city, birthday) values (110, 'Leo Turner', 'leo.turner110@example.com', 'El Paso', '1953-11-24'), (111, 'Oscar Reed', 'oscar.reed111@example.com', 'Boston', '1983-12-17'), (112, 'Charlie Reed', 'charlie.reed112@example.com', 'El Paso', '2005-06-28'), (113, 'Leo Smith', 'leo.smith113@example.com', 'Denver', '1956-03-29'), (114, 'Bob Harris', 'bob.harris114@example.com', 'El Paso', '1957-02-27'), (115, 'Heidi Davis', 'heidi.davis115@example.com', 'Houston', '1974-12-09'), (116, 'Oscar Lopez', 'oscar.lopez116@example.com', 'Chicago', '1983-03-19'), (117, 'Leo Garcia', 'leo.garcia117@example.com', 'El Paso', '1956-05-28'), (118, 'Trudy Foster', 'trudy.foster118@example.com', 'New York', '1971-12-18'), (119, 'Frank Ortiz', 'frank.ortiz119@example.com', 'Houston', '1974-03-21');

insert into bench_idx.seed1.products (id, name, category, price_cents) values (100, 'Sports Item 100', 'Sports', 23049), (101, 'Office Item 101', 'Office', 7696), (102, 'Sports Item 102', 'Sports', 11126), (103, 'Books Item 103', 'Books', 8005), (104, 'Books Item 104', 'Books', 10836), (105, 'Home Item 105', 'Home', 9273), (106, 'Books Item 106', 'Books', 7413), (107, 'Office Item 107', 'Office', 24024), (108, 'Games Item 108', 'Games', 7467), (109, 'Sports Item 109', 'Sports', 16858);
insert into bench_idx.seed1.products (id, name, category, price_cents) values (110, 'Home Item 110', 'Home', 21564), (111, 'Home Item 111', 'Home', 5181), (112, 'Games Item 112', 'Games', 5075), (113, 'Electronics Item 113', 'Electronics', 24911), (114, 'Office Item 114', 'Office', 18161), (115, 'Games Item 115', 'Games', 24978), (116, 'Office Item 116', 'Office', 14538), (117, 'Office Item 117', 'Office', 13587), (118, 'Games Item 118', 'Games', 7686), (119, 'Electronics Item 119', 'Electronics', 17196);

insert into bench_idx.seed1.orders (id, customer_id, product_id, quantity, note, ordered_at) values (100, 115, 102, 1, 'Standard', '2022-04-20 20:40:29'), (101, 105, 113, 2, 'Fragile', '2024-03-31 15:35:46'), (102, 119, 114, 5, 'Backorder', '2021-02-05 16:05:13'), (103, 103, 117, 5, 'Priority', '2023-11-23 21:19:18'), (104, 103, 109, 7, 'Gift', '2024-11-10 16:05:30'), (105, 100, 108, 3, 'Backorder', '2021-11-27 14:33:57'), (106, 109, 116, 4, 'Gift', '2024-03-07 17:02:14'), (107, 105, 117, 1, 'Backorder', '2023-10-05 02:49:39'), (108, 115, 100, 2, 'Express', '2023-08-14 09:54:55'), (109, 107, 101, 4, 'Backorder', '2021-09-02 16:33:04');
insert into bench_idx.seed1.orders (id, customer_id, product_id, quantity, note, ordered_at) values (110, 102, 115, 2, 'Backorder', '2022-01-26 17:23:01'), (111, 104, 115, 3, 'Express', '2025-06-28 10:12:32'), (112, 119, 113, 4, 'Backorder', '2022-09-17 22:54:37'), (113, 109, 112, 6, 'Fragile', '2025-05-28 01:15:07'), (114, 114, 103, 4, 'Gift', '2021-07-18 22:07:01'), (115, 110, 100, 4, 'Backorder', '2022-11-16 04:35:55'), (116, 100, 102, 1, 'Gift', '2021-07-29 09:43:56'), (117, 101, 110, 2, 'Backorder', '2023-01-10 10:54:42'), (118, 108, 115, 4, 'Backorder', '2022-02-16 01:53:10'), (119, 118, 118, 8, 'Gift', '2025-01-09 11:25:06');
insert into bench_idx.seed1.orders (id, customer_id, product_id, quantity, note, ordered_at) values (120, 113, 106, 2, 'Standard', '2024-09-01 05:30:21'), (121, 111, 113, 7, 'Fragile', '2021-06-18 07:17:46'), (122, 103, 101, 7, 'Priority', '2023-11-21 04:14:08'), (123, 103, 107, 4, 'Gift', '2025-07-25 04:21:50'), (124, 114, 104, 7, 'Gift', '2023-05-16 09:49:53'), (125, 114, 107, 2, 'Fragile', '2025-09-06 19:13:46'), (126, 103, 101, 1, 'Standard', '2023-01-05 09:43:56'), (127, 105, 113, 8, 'Fragile', '2022-10-27 02:09:12'), (128, 112, 101, 3, 'Fragile', '2021-01-07 16:42:58'), (129, 112, 108, 8, 'Express', '2024-08-07 05:43:26');
insert into bench_idx.seed1.orders (id, customer_id, product_id, quantity, note, ordered_at) values (130, 117, 115, 3, 'Gift', '2023-07-11 20:08:21'), (131, 106, 101, 1, 'Priority', '2023-09-02 08:04:11'), (132, 101, 101, 8, 'Backorder', '2025-07-09 03:38:07'), (133, 105, 101, 2, 'Gift', '2021-08-01 21:19:14'), (134, 119, 102, 4, 'Fragile', '2022-01-08 11:23:36'), (135, 118, 107, 1, 'Backorder', '2021-09-12 17:07:33'), (136, 113, 118, 6, 'Express', '2022-09-27 14:40:11'), (137, 110, 107, 5, 'Fragile', '2022-02-11 14:59:30'), (138, 109, 114, 6, 'Standard', '2021-01-29 22:36:39'), (139, 114, 119, 2, 'Standard', '2025-07-29 08:55:36');

insert into bench_idx.seed1.payments (id, order_id, customer_id, method, status, amount_cents) values (100, 100, 106, 'wallet', 'authorized', 92290), (101, 101, 102, 'bank_transfer', 'captured', 42152), (102, 102, 114, 'wallet', 'captured', 172235), (103, 103, 116, 'card', 'captured', 146185), (104, 104, 109, 'card', 'failed', 36003), (105, 105, 108, 'card', 'failed', 195420), (106, 106, 117, 'bank_transfer', 'captured', 159352), (107, 107, 106, 'wallet', 'captured', 167061), (108, 108, 108, 'cash', 'captured', 14116), (109, 109, 102, 'cash', 'captured', 12357);
insert into bench_idx.seed1.payments (id, order_id, customer_id, method, status, amount_cents) values (110, 110, 100, 'wallet', 'captured', 167815), (111, 111, 108, 'bank_transfer', 'captured', 145419), (112, 112, 113, 'card', 'authorized', 181946), (113, 113, 104, 'card', 'captured', 153501), (114, 114, 117, 'bank_transfer', 'captured', 11765), (115, 115, 109, 'wallet', 'failed', 11258), (116, 116, 111, 'bank_transfer', 'captured', 175632), (117, 117, 103, 'wallet', 'captured', 107329), (118, 118, 119, 'bank_transfer', 'failed', 62859), (119, 119, 105, 'bank_transfer', 'failed', 7297);
insert into bench_idx.seed1.payments (id, order_id, customer_id, method, status, amount_cents) values (120, 120, 105, 'wallet', 'captured', 108728), (121, 121, 107, 'wallet', 'authorized', 184635), (122, 122, 103, 'cash', 'failed', 124188), (123, 123, 107, 'bank_transfer', 'captured', 121465), (124, 124, 111, 'wallet', 'captured', 60462), (125, 125, 107, 'card', 'captured', 105255), (126, 126, 110, 'wallet', 'failed', 73970), (127, 127, 111, 'cash', 'captured', 141365), (128, 128, 110, 'card', 'authorized', 69275), (129, 129, 105, 'wallet', 'authorized', 157187);
insert into bench_idx.seed1.payments (id, order_id, customer_id, method, status, amount_cents) values (130, 130, 113, 'wallet', 'captured', 83028), (131, 131, 113, 'card', 'captured', 151949), (132, 132, 106, 'wallet', 'authorized', 115109), (133, 133, 100, 'bank_transfer', 'captured', 19143), (134, 134, 110, 'wallet', 'captured', 33469), (135, 135, 109, 'wallet', 'captured', 86306), (136, 136, 112, 'wallet', 'captured', 51089), (137, 137, 113, 'cash', 'captured', 46420), (138, 138, 119, 'wallet', 'captured', 906), (139, 139, 109, 'wallet', 'captured', 152839);

insert into bench_idx.seed1.shipments (id, order_id, carrier, status, tracking_code) values (100, 100, 'GLS', 'delivered', 'TRK-00000100-8618'), (101, 101, 'USPS', 'in_transit', 'TRK-00000101-4501'), (102, 102, 'GLS', 'in_transit', 'TRK-00000102-3780'), (103, 103, 'DHL', 'in_transit', 'TRK-00000103-6491'), (104, 104, 'DHL', 'delivered', 'TRK-00000104-4848'), (105, 105, 'UPS', 'in_transit', 'TRK-00000105-4262'), (106, 106, 'FedEx', 'processing', 'TRK-00000106-5011'), (107, 107, 'USPS', 'delivered', 'TRK-00000107-2193'), (108, 108, 'USPS', 'in_transit', 'TRK-00000108-4185'), (109, 109, 'USPS', 'in_transit', 'TRK-00000109-4997');
insert into bench_idx.seed1.shipments (id, order_id, carrier, status, tracking_code) values (110, 110, 'FedEx', 'delivered', 'TRK-00000110-1090'), (111, 111, 'DHL', 'delivered', 'TRK-00000111-4585'), (112, 112, 'FedEx', 'delivered', 'TRK-00000112-9486'), (113, 113, 'USPS', 'processing', 'TRK-00000113-5082'), (114, 114, 'DHL', 'in_transit', 'TRK-00000114-8612'), (115, 115, 'GLS', 'returned', 'TRK-00000115-6198'), (116, 116, 'USPS', 'delivered', 'TRK-00000116-9270'), (117, 117, 'USPS', 'delivered', 'TRK-00000117-9976'), (118, 118, 'USPS', 'delivered', 'TRK-00000118-8777'), (119, 119, 'USPS', 'in_transit', 'TRK-00000119-5050');
insert into bench_idx.seed1.shipments (id, order_id, carrier, status, tracking_code) values (120, 120, 'UPS', 'delivered', 'TRK-00000120-9540'), (121, 121, 'USPS', 'delivered', 'TRK-00000121-5499'), (122, 122, 'USPS', 'processing', 'TRK-00000122-5681'), (123, 123, 'FedEx', 'in_transit', 'TRK-00000123-6238'), (124, 124, 'GLS', 'processing', 'TRK-00000124-3471'), (125, 125, 'FedEx', 'in_transit', 'TRK-00000125-3503'), (126, 126, 'FedEx', 'processing', 'TRK-00000126-7678'), (127, 127, 'UPS', 'delivered', 'TRK-00000127-7812'), (128, 128, 'DHL', 'in_transit', 'TRK-00000128-7883'), (129, 129, 'USPS', 'delivered', 'TRK-00000129-1320');
insert into bench_idx.seed1.shipments (id, order_id, carrier, status, tracking_code) values (130, 130, 'GLS', 'in_transit', 'TRK-00000130-1096'), (131, 131, 'UPS', 'in_transit', 'TRK-00000131-7389'), (132, 132, 'USPS', 'delivered', 'TRK-00000132-9947'), (133, 133, 'GLS', 'delivered', 'TRK-00000133-8999'), (134, 134, 'FedEx', 'in_transit', 'TRK-00000134-8956'), (135, 135, 'DHL', 'in_transit', 'TRK-00000135-7624'), (136, 136, 'FedEx', 'delivered', 'TRK-00000136-3091'), (137, 137, 'GLS', 'delivered', 'TRK-00000137-7455'), (138, 138, 'GLS', 'delivered', 'TRK-00000138-1444'), (139, 139, 'DHL', 'delivered', 'TRK-00000139-3223');

select * from bench_idx.seed1.customers order by id limit 5;
select * from bench_idx.seed1.products order by id limit 5;
select * from bench_idx.seed1.orders order by id limit 5;
select * from bench_idx.seed1.payments order by id limit 5;
select * from bench_idx.seed1.shipments order by id limit 5;

-- benchmark join sample 1: customer x order x product x payment x shipment
select c.city, p.category, pay.method, ship.carrier, count(*) as order_count from bench_idx.seed1.customers c join bench_idx.seed1.orders o on c.id = o.customer_id join bench_idx.seed1.products p on p.id = o.product_id join bench_idx.seed1.payments pay on pay.order_id = o.id join bench_idx.seed1.shipments ship on ship.order_id = o.id group by c.city, p.category, pay.method, ship.carrier order by order_count desc limit 20;

-- benchmark join sample 2: age bucket x payment status x shipment status
select case when date_part('year', age(cast(current_date as timestamp), cast(c.birthday as timestamp))) < 30 then 'under_30' when date_part('year', age(cast(current_date as timestamp), cast(c.birthday as timestamp))) < 45 then '30_44' when date_part('year', age(cast(current_date as timestamp), cast(c.birthday as timestamp))) < 60 then '45_59' else '60_plus' end as age_bucket, pay.status as payment_status, ship.status as shipment_status, sum(pay.amount_cents) as total_amount_cents from bench_idx.seed1.customers c join bench_idx.seed1.orders o on c.id = o.customer_id join bench_idx.seed1.payments pay on pay.order_id = o.id join bench_idx.seed1.shipments ship on ship.order_id = o.id group by age_bucket, pay.status, ship.status order by total_amount_cents desc limit 20;
